,stock_avg,stock_std,stock_dis,covid_avg,covid_std,covid_dis,both_avg,both_std,both_dis,highest,max_score
A,0.8162546816479402,0.04296100553041728,0.6457399103139013,0.77505039193729,0.04043464455428461,0.643312101910828,0.7982521847690387,0.0484973333972797,0.6457399103139013,stock,0.8162546816479402
AAL,0.8026716604244694,0.01545114178680414,0.48654708520179374,0.7474356103023517,0.036355503614695195,0.47983014861995754,0.798227215980025,0.03318448814920409,0.48654708520179374,stock,0.8026716604244694
AAP,0.8184269662921348,0.02362865515163129,0.6098654708520179,0.7113997760358342,0.037471915692487485,0.6008492569002123,0.809438202247191,0.019866998746337364,0.6098654708520179,stock,0.8184269662921348
AAPL,0.8204494382022471,0.046438081269535254,0.6434977578475336,0.7155431131019037,0.036707952230306304,0.6369426751592356,0.8026466916354558,0.03248499904916877,0.6434977578475336,stock,0.8204494382022471
ABBV,0.843171036204744,0.04320353827204729,0.5852017937219731,0.7323628219484883,0.0611169853059766,0.583864118895966,0.8118102372034957,0.05310302031844164,0.5852017937219731,stock,0.843171036204744
ABC,0.7535081148564295,0.04669187579634647,0.5358744394618834,0.7091153415453527,0.025836826882406842,0.5329087048832272,0.7512609238451935,0.03597911526858428,0.5358744394618834,stock,0.7535081148564295
ABMD,0.8115106117353307,0.0402710574833335,0.5964125560538116,0.7600895856662934,0.019646725881185538,0.5923566878980892,0.8161048689138577,0.030018674021743644,0.5964125560538116,both,0.8161048689138577
ABT,0.8160799001248439,0.043215658031990435,0.5919282511210763,0.7643225083986561,0.004601687022212858,0.5881104033970276,0.8026217228464418,0.05367186252486248,0.5919282511210763,stock,0.8160799001248439
ACN,0.8475405742821472,0.03221209913051013,0.7017937219730942,0.7771556550951847,0.045620846364357856,0.6900212314225053,0.8363795255930088,0.035645392824638245,0.7017937219730942,stock,0.8475405742821472
ADI,0.7960049937578029,0.027540472414732644,0.5717488789237668,0.7091825307950728,0.03912744354822005,0.564755838641189,0.8004494382022471,0.02396816472085104,0.5717488789237668,both,0.8004494382022471
ADM,0.8025717852684146,0.04728337142862921,0.625560538116592,0.7622844344904816,0.02485330256323624,0.6220806794055201,0.8002996254681648,0.042149327510554,0.625560538116592,stock,0.8025717852684146
ADP,0.7959300873907615,0.030681308193603755,0.5986547085201793,0.7389249720044793,0.044443463945987874,0.5987261146496815,0.7982521847690387,0.027129942232400846,0.5986547085201793,both,0.7982521847690387
ADSK,0.7667915106117353,0.015237099927483004,0.5874439461883408,0.6985442329227324,0.02702598889952665,0.5796178343949044,0.7645692883895131,0.012352966127159904,0.5874439461883408,stock,0.7667915106117353
AEE,0.798227215980025,0.026404940038680113,0.5067264573991032,0.7388353863381858,0.061583564750734586,0.5031847133757962,0.791410736579276,0.029364230071680836,0.5067264573991032,stock,0.798227215980025
AEP,0.8049438202247192,0.008691721171152243,0.5224215246636771,0.772922732362822,0.027223247403716556,0.5116772823779193,0.831860174781523,0.013916018055352516,0.5224215246636771,both,0.831860174781523
AIZ,0.7891885143570536,0.017046497829270275,0.57847533632287,0.7558566629339307,0.037323841566077695,0.5711252653927813,0.7937078651685393,0.023240779278827693,0.57847533632287,both,0.7937078651685393
AJG,0.8003995006242196,0.02535708069726527,0.6233183856502242,0.7538633818589024,0.037637642835924266,0.6157112526539278,0.8026466916354555,0.03169820955219235,0.6233183856502242,both,0.8026466916354555
AKAM,0.8207240948813983,0.02854097508950524,0.5717488789237668,0.7666069428891378,0.05461931802851148,0.5796178343949044,0.8297378277153558,0.035579814698225694,0.5717488789237668,both,0.8297378277153558
ALB,0.7780274656679151,0.049933832568653636,0.5964125560538116,0.7261142217245241,0.03520310620009854,0.583864118895966,0.7891385767790261,0.0670568893403298,0.5964125560538116,both,0.7891385767790261
ALGN,0.8093383270911361,0.039868706174826594,0.5672645739910314,0.7092273236282194,0.04617360089408792,0.5605095541401274,0.7980774032459426,0.04065526154991734,0.5672645739910314,stock,0.8093383270911361
ALK,0.8183270911360798,0.037435734595400706,0.5179372197309418,0.723986562150056,0.029350877760267565,0.5095541401273885,0.8340074906367041,0.02732019128103041,0.5179372197309418,both,0.8340074906367041
ALLE,0.8317602996254682,0.033638213514753414,0.5426008968609866,0.738969764837626,0.06759619205672417,0.5307855626326964,0.8407740324594257,0.02199686542995677,0.5426008968609866,both,0.8407740324594257
ALTR,0.804843945068664,0.05556452676236605,0.6188340807174888,0.738902575587906,0.04252669653156905,0.6029723991507431,0.7892384519350812,0.06866836441619667,0.6188340807174888,stock,0.804843945068664
AMAT,0.8005493133583022,0.049436789851071486,0.6121076233183856,0.7389249720044793,0.019768513976253368,0.6050955414012739,0.798401997503121,0.05352008525368616,0.6121076233183856,stock,0.8005493133583022
AMD,0.8250936329588014,0.05804155993351465,0.5515695067264574,0.736662933930571,0.02860089918097051,0.554140127388535,0.813832709113608,0.05903491975197357,0.5515695067264574,stock,0.8250936329588014
AME,0.7847191011235954,0.026260424553692655,0.57847533632287,0.732541993281075,0.036611503759601184,0.5796178343949044,0.7936329588014981,0.03494203382678832,0.57847533632287,both,0.7936329588014981
AMGN,0.8138826466916355,0.019743729480010623,0.4977578475336323,0.7263829787234044,0.08311064254643728,0.505307855626327,0.8340324594257178,0.018350548147028717,0.4977578475336323,both,0.8340324594257178
AMP,0.7891385767790261,0.04440374632293313,0.6457399103139013,0.7409406494960805,0.039210401189244175,0.6369426751592356,0.773458177278402,0.03554450725398982,0.6457399103139013,stock,0.7891385767790261
AMT,0.7780524344569287,0.04827109500196979,0.5089686098654709,0.7643225083986562,0.03117421898081494,0.5095541401273885,0.798227215980025,0.043112531471390284,0.5089686098654709,both,0.798227215980025
AMZN,0.7735330836454432,0.03514839321801304,0.5426008968609866,0.7325867861142218,0.04753979044975762,0.5520169851380042,0.7735330836454433,0.02883435712010397,0.5426008968609866,both,0.7735330836454433
ANET,0.8047191011235956,0.06253654404420106,0.6076233183856502,0.766494960806271,0.01845095039021845,0.6093418259023354,0.8092883895131087,0.039357148231527896,0.6076233183856502,both,0.8092883895131087
ANTM,0.8138826466916355,0.023266088562739356,0.5672645739910314,0.6921836506159014,0.042227456059022624,0.5626326963906582,0.813832709113608,0.01742714154142229,0.5672645739910314,stock,0.8138826466916355
AON,0.8070911360799,0.03886241015260772,0.5605381165919282,0.7113997760358343,0.04613517213620212,0.5562632696390658,0.825043695380774,0.027507583496792207,0.5605381165919282,both,0.825043695380774
AOS,0.8070162297128588,0.0498267434203235,0.57847533632287,0.7347592385218366,0.04291731989507757,0.5732484076433121,0.7845692883895131,0.05043284985961091,0.57847533632287,stock,0.8070162297128588
APA,0.7891136079900125,0.034926543421514585,0.5672645739910314,0.7749608062709967,0.018099103926821025,0.5583864118895966,0.7913607990012484,0.032816094788335005,0.5672645739910314,both,0.7913607990012484
APD,0.8340574282147315,0.03590876476271492,0.5493273542600897,0.7134602463605824,0.05023139288473193,0.5435244161358811,0.8205992509363297,0.035657319057413955,0.5493273542600897,stock,0.8340574282147315
APH,0.8004494382022471,0.04459188046674144,0.594170403587444,0.706942889137738,0.06177981585990728,0.5881104033970276,0.7982022471910113,0.03098842997921474,0.594170403587444,stock,0.8004494382022471
ARE,0.851960049937578,0.044760786960955166,0.5717488789237668,0.7261814109742442,0.027297492686506,0.5668789808917197,0.8587265917602995,0.039365701220443874,0.5717488789237668,both,0.8587265917602995
ATVI,0.8047940074906366,0.05959384100879554,0.5134529147982063,0.7452183650615901,0.020213358430143845,0.5201698513800425,0.8093133583021224,0.047450396538273994,0.5134529147982063,both,0.8093133583021224
AVB,0.7691385767790262,0.02726591760299624,0.5762331838565022,0.7154535274356103,0.04558427345575904,0.5668789808917197,0.7891635455680399,0.019986638325539773,0.5762331838565022,both,0.7891635455680399
AVY,0.7846441947565543,0.03265092841603501,0.5874439461883408,0.7240761478163494,0.040244123371113674,0.5774946921443737,0.7958302122347066,0.055117808565967846,0.5874439461883408,both,0.7958302122347066
AWK,0.8744069912609238,0.024138504946031335,0.5807174887892377,0.7918701007838745,0.044669741284525784,0.5711252653927813,0.8632209737827715,0.013168189928596726,0.5807174887892377,stock,0.8744069912609238
AXP,0.8071660424469413,0.019398933358911904,0.5919282511210763,0.7323180291153416,0.06445740050393532,0.583864118895966,0.8227965043695381,0.02641074764438333,0.5919282511210763,both,0.8227965043695381
AZO,0.8251435705368291,0.02596437126534819,0.6031390134529148,0.7177155655095184,0.04719703520743757,0.5944798301486199,0.8206491885143571,0.018565365051623185,0.6031390134529148,stock,0.8251435705368291
BA,0.8408739076154805,0.04599082848033405,0.47757847533632286,0.7453751399776036,0.04840525239630914,0.4734607218683652,0.8385767790262172,0.05924710092370094,0.47757847533632286,stock,0.8408739076154805
BAC,0.8297378277153558,0.044417391365288786,0.5807174887892377,0.7514669652855542,0.047878258738442724,0.5753715498938429,0.8251685393258427,0.02026961309443536,0.5807174887892377,stock,0.8297378277153558
BAX,0.8072659176029962,0.03140855322295507,0.49327354260089684,0.7027099664053752,0.033355656231299165,0.4968152866242038,0.8027465667915106,0.016026773069544288,0.49327354260089684,stock,0.8072659176029962
BBY,0.8296878901373284,0.030660452911188102,0.5650224215246636,0.7620828667413214,0.041245395454074046,0.5583864118895966,0.8453932584269663,0.030627820291956532,0.5650224215246636,both,0.8453932584269663
BDX,0.8452184769038702,0.054001920566436705,0.5515695067264574,0.7281970884658454,0.03982177338693967,0.5520169851380042,0.8430212234706616,0.048797063394818374,0.5515695067264574,stock,0.8452184769038702
BEN,0.7915106117353308,0.016373129898382018,0.5538116591928252,0.7324972004479283,0.03935365866662043,0.535031847133758,0.7892634207240949,0.017627328434180058,0.5538116591928252,stock,0.7915106117353308
BF-A,0.8273158551810237,0.02545131752876813,0.5201793721973094,0.7049048152295633,0.025238525712006098,0.5222929936305732,0.8116354556803994,0.03142442871778106,0.5201793721973094,stock,0.8273158551810237
BHI,-1.0,-1.0,-1.0,-1.0,-1.0,-1.0,-1.0,-1.0,-1.0,stock,-1.0
BIIB,0.8294881398252185,0.03171590581363494,0.47533632286995514,0.7176035834266516,0.014731905898002879,0.4819532908704883,0.833932584269663,0.04436936243841596,0.47533632286995514,both,0.833932584269663
BIO,0.8340574282147315,0.05150634519987331,0.5874439461883408,0.7813213885778275,0.05650573736027451,0.5859872611464968,0.8295630461922597,0.05104455956495038,0.5874439461883408,stock,0.8340574282147315
BK,0.8250187265917603,0.032632363663136744,0.5874439461883408,0.7706830907054872,0.023065416924779893,0.5881104033970276,0.8228714107365793,0.036496683397127756,0.5874439461883408,stock,0.8250187265917603
BLK,0.8431460674157304,0.038410535944667853,0.6053811659192825,0.7749608062709965,0.024478432932755576,0.6008492569002123,0.8408739076154805,0.02550871902748938,0.6053811659192825,stock,0.8431460674157304
BMRA,0.8319101123595505,0.017999985972584946,0.47757847533632286,0.7729451287793954,0.041497943085231005,0.47983014861995754,0.8542571785268415,0.025630142665512612,0.47757847533632286,both,0.8542571785268415
BMY,0.8519350811485642,0.021033148253335986,0.5224215246636771,0.7387458006718924,0.0573230146007632,0.5222929936305732,0.8363046192259675,0.0197228778939355,0.5224215246636771,stock,0.8519350811485642
BR,0.7958052434456928,0.040966592772740305,0.6076233183856502,0.7432698768197088,0.05819762176271912,0.6008492569002123,0.7958302122347065,0.03419827287966748,0.6076233183856502,both,0.7958302122347065
BRK-A,0.7915605493133583,0.03392647472602002,0.5986547085201793,0.7453303471444569,0.03894893317663154,0.5944798301486199,0.8094631710362048,0.032249817798719084,0.5986547085201793,both,0.8094631710362048
BSHI,0.9047169811320754,0.03672562011678831,0.4524714828897338,0.7876147816349384,0.03954794980291408,0.2823779193205945,0.9010159651669085,0.022618238198925528,0.4524714828897338,stock,0.9047169811320754
BSX,0.8072659176029964,0.042953168457353016,0.547085201793722,0.6793729003359463,0.037342450104356106,0.5498938428874734,0.7960299625468166,0.04309011144746203,0.547085201793722,stock,0.8072659176029964
BWA,0.7757802746566792,0.03957848419764705,0.5627802690582959,0.6901231802911535,0.06373515705927085,0.5583864118895966,0.7733832709113608,0.06210307555812406,0.5627802690582959,stock,0.7757802746566792
BXP,0.7890886392009988,0.03570568258070382,0.5179372197309418,0.7198432250839867,0.039313679829527146,0.5095541401273885,0.7755805243445693,0.05128017891240349,0.5179372197309418,stock,0.7890886392009988
C,0.838501872659176,0.02836014806535141,0.5291479820627802,0.7706830907054871,0.032790939140149813,0.524416135881104,0.8632709113607989,0.014441028905913008,0.5291479820627802,both,0.8632709113607989
CAG,0.8272908863920101,0.030938697401120843,0.5358744394618834,0.6835386338185891,0.056569686340518385,0.5414012738853503,0.8227715355805245,0.05361035658743117,0.5358744394618834,stock,0.8272908863920101
CAH,0.838501872659176,0.04199729529475432,0.49551569506726456,0.7175811870100783,0.03983257938397207,0.49469214437367304,0.8227465667915105,0.033325654780099065,0.49551569506726456,stock,0.838501872659176
CAT,0.8520099875156054,0.01657024858395722,0.5762331838565022,0.7473236282194848,0.03783235409637869,0.5753715498938429,0.8116354556803994,0.02616300200244844,0.5762331838565022,stock,0.8520099875156054
CB,0.8251435705368291,0.05428249187026783,0.5582959641255605,0.768555431131019,0.031267467050808524,0.5583864118895966,0.8003995006242196,0.06952964488260209,0.5582959641255605,stock,0.8251435705368291
CCI,0.7825468164794007,0.04158727022830436,0.5403587443946188,0.7537513997760358,0.018975594413968955,0.5371549893842887,0.7959550561797754,0.0404843794153296,0.5403587443946188,both,0.7959550561797754
CDE,0.7803245942571785,0.02565858654814392,0.4820627802690583,0.6942889137737962,0.04566343196622575,0.47983014861995754,0.7847940074906368,0.024618567552535102,0.4820627802690583,both,0.7847940074906368
CDNS,0.8071410736579276,0.03597329264252301,0.6524663677130045,0.7707502799552073,0.03365417640793852,0.6518046709129511,0.8228963795255929,0.05373916860218311,0.6524663677130045,both,0.8228963795255929
CF,0.8049188514357054,0.046430374566529986,0.5291479820627802,0.7578723404255319,0.026210831650101275,0.5286624203821656,0.8138826466916355,0.025343800540345636,0.5291479820627802,both,0.8138826466916355
CFG,0.8183021223470661,0.028309762294004052,0.5919282511210763,0.6921164613661814,0.024564550605001192,0.5817409766454352,0.8094631710362048,0.030643978188723907,0.5919282511210763,stock,0.8183021223470661
CHD,0.816079900124844,0.03825707390613615,0.5493273542600897,0.7430907054871221,0.028127028191373447,0.5414012738853503,0.8205243445692885,0.03591320910586386,0.5493273542600897,both,0.8205243445692885
CHRW,0.7714107365792758,0.03359763731522144,0.5695067264573991,0.7198880179171333,0.0376755792106248,0.5753715498938429,0.7847440699126093,0.028830724488762914,0.5695067264573991,both,0.7847440699126093
CHTR,0.8497378277153558,0.013841269767731661,0.6098654708520179,0.766494960806271,0.04387328245061339,0.6093418259023354,0.8497128589263421,0.032486726250900724,0.6098654708520179,stock,0.8497378277153558
CINF,0.8294132334581772,0.044403016223081244,0.57847533632287,0.7366853303471445,0.01762138328291076,0.564755838641189,0.8339575530586767,0.033284435324810104,0.57847533632287,both,0.8339575530586767
CL,0.8049188514357054,0.015389283765529806,0.5336322869955157,0.7557894736842105,0.046352542702726734,0.5286624203821656,0.8140074906367042,0.026201814623514317,0.5336322869955157,both,0.8140074906367042
CLX,0.8208239700374532,0.049690424592982056,0.5,0.7559014557670772,0.019277239887854052,0.5074309978768577,0.7983270911360799,0.03463033318083652,0.5,stock,0.8208239700374532
CME,0.7845193508114857,0.058783338613629985,0.5224215246636771,0.7325867861142217,0.028485301319498772,0.5265392781316348,0.7733333333333334,0.04845834091166187,0.5224215246636771,stock,0.7845193508114857
CMG,0.8295131086142323,0.02228436093358513,0.5986547085201793,0.7304143337066069,0.05118267735698165,0.5966029723991507,0.8093133583021224,0.02980060272167215,0.5986547085201793,stock,0.8295131086142323
CMI,0.7824968789013733,0.029898850313876082,0.5650224215246636,0.7196192609182531,0.06481971023949275,0.5626326963906582,0.7779775280898876,0.03537167167631642,0.5650224215246636,stock,0.7824968789013733
CNC,0.7893133583021223,0.03228587040356785,0.4977578475336323,0.7154535274356103,0.018912709638114984,0.5074309978768577,0.8296878901373284,0.027167419367322972,0.4977578475336323,both,0.8296878901373284
CNP,0.8183270911360798,0.06102764330652076,0.5672645739910314,0.724053751399776,0.040437559669009956,0.5626326963906582,0.8205493133583021,0.04629523225829575,0.5672645739910314,both,0.8205493133583021
CNWT,0.860030165912519,0.06627170185681332,0.47470817120622566,0.7854199328107503,0.052687987688645355,0.5031847133757962,0.8716440422322776,0.061873496493100005,0.47470817120622566,both,0.8716440422322776
COO,0.8497877652933832,0.02304477199768568,0.5829596412556054,0.7602015677491603,0.030864391086967414,0.5817409766454352,0.8408489388264669,0.036988410428299055,0.5829596412556054,stock,0.8497877652933832
COP,0.7981772784019975,0.04032637991122198,0.5538116591928252,0.7684882418812989,0.030190552300396172,0.554140127388535,0.795980024968789,0.016280799267078348,0.5538116591928252,stock,0.7981772784019975
COST,0.8116604244694132,0.04285982638727972,0.6367713004484304,0.7282866741321389,0.029271662360644834,0.6284501061571125,0.822896379525593,0.06079372527334223,0.6367713004484304,both,0.822896379525593
COTY,0.8318601747815231,0.029157131646378644,0.4461883408071749,0.7431354983202687,0.030042470043801214,0.4416135881104034,0.8229712858926342,0.03136938581680781,0.4461883408071749,stock,0.8318601747815231
COWN,0.8250686641697877,0.017200288164799182,0.6300448430493274,0.7603583426651734,0.06929963042216777,0.6263269639065817,0.8228714107365793,0.010956263649395274,0.6300448430493274,stock,0.8250686641697877
CPB,0.8003995006242197,0.018438804056360093,0.5179372197309418,0.6944904815229563,0.06028453895485959,0.5180467091295117,0.7824719101123596,0.012093145210852797,0.5179372197309418,stock,0.8003995006242197
CPICQ,-1.0,-1.0,-1.0,-1.0,-1.0,-1.0,-1.0,-1.0,-1.0,stock,-1.0
CPRT,0.8476154806491886,0.030125814018123486,0.5852017937219731,0.7559238521836507,0.0460752372215038,0.5774946921443737,0.8409238451935082,0.04517049234257269,0.5852017937219731,stock,0.8476154806491886
CRM,0.8116604244694132,0.05240172570940866,0.5739910313901345,0.7219708846584547,0.05118614650330119,0.5668789808917197,0.8250936329588014,0.040643175928840584,0.5739910313901345,both,0.8250936329588014
CSCO,0.8139325842696629,0.04399905887827564,0.600896860986547,0.749585666293393,0.04254726191963597,0.6050955414012739,0.8207240948813983,0.046125402911134275,0.600896860986547,both,0.8207240948813983
CTAS,0.7870911360799001,0.042043437199129244,0.6098654708520179,0.6816349384098543,0.039925342486214356,0.5944798301486199,0.7892634207240949,0.032683372284288595,0.6098654708520179,both,0.7892634207240949
CTQ,-1.0,-1.0,-1.0,-1.0,-1.0,-1.0,-1.0,-1.0,-1.0,stock,-1.0
CTSH,0.7804494382022471,0.04404494382022473,0.5717488789237668,0.6922732362821948,0.047975665002780346,0.5626326963906582,0.7758551810237203,0.033527198823990426,0.5717488789237668,stock,0.7804494382022471
CTXS,0.8184519350811484,0.0454058921396662,0.5,0.7238969764837627,0.0630978485617373,0.5201698513800425,0.809438202247191,0.06187574241213715,0.5,stock,0.8184519350811484
CUK,0.843071161048689,0.01990311648776992,0.5179372197309418,0.7453751399776036,0.04840525239630914,0.5074309978768577,0.8430461922596754,0.014229668827215896,0.5179372197309418,stock,0.843071161048689
D,0.8005493133583022,0.043456999117187534,0.5134529147982063,0.715498320268757,0.05140641646156483,0.5116772823779193,0.8139825218476904,0.03397957720090686,0.5134529147982063,both,0.8139825218476904
DAL,0.8430711610486892,0.04428987415459021,0.5201793721973094,0.7749384098544232,0.017105848717028835,0.505307855626327,0.8497627965043696,0.035293151423417754,0.5201793721973094,both,0.8497627965043696
DE,0.7870661672908864,0.04566310266112068,0.6210762331838565,0.7304143337066069,0.05029043404199617,0.6157112526539278,0.802721598002497,0.04456144736014946,0.6210762331838565,both,0.802721598002497
DFS,0.813932584269663,0.02690630030938564,0.6524663677130045,0.7133706606942889,0.0095917344295267,0.6369426751592356,0.8048938826466916,0.042555372997401746,0.6524663677130045,stock,0.813932584269663
DG,0.8610486891385769,0.026757409886879018,0.5852017937219731,0.7770660694288913,0.015074202622883974,0.5817409766454352,0.8676654182272159,0.019596920719449254,0.5852017937219731,both,0.8676654182272159
DGX,0.8384269662921348,0.0670943651254479,0.594170403587444,0.7368868980963046,0.0471074217550886,0.5859872611464968,0.8474406991260924,0.04550489014349546,0.594170403587444,both,0.8474406991260924
DHI,0.8497627965043696,0.020919554174014955,0.5874439461883408,0.743157894736842,0.02825586449712701,0.5796178343949044,0.8251435705368289,0.020534244645368762,0.5874439461883408,stock,0.8497627965043696
DIS,0.8072409488139826,0.0394364613490711,0.5089686098654709,0.7323180291153415,0.05498202127530685,0.5074309978768577,0.8072409488139826,0.05894220992895546,0.5089686098654709,stock,0.8072409488139826
DLTR,0.807191011235955,0.03426947872486878,0.5269058295964125,0.70494960806271,0.05880905805063916,0.5201698513800425,0.8093882646691636,0.010517285483046411,0.5269058295964125,both,0.8093882646691636
DOV,0.8138077403245942,0.03417529514256859,0.6502242152466368,0.7898544232922733,0.03358197596887996,0.6454352441613588,0.8025967540574281,0.04092706709161936,0.6502242152466368,stock,0.8138077403245942
DPZ,0.8520349563046192,0.019180581024657226,0.5538116591928252,0.7493840985442329,0.04327872087749505,0.554140127388535,0.8452933832709112,0.021762473362984636,0.5538116591928252,stock,0.8520349563046192
DRE,0.8318102372034957,0.027673529641024118,0.600896860986547,0.7812765957446809,0.04198341952143178,0.5987261146496815,0.8474406991260924,0.023574027968883214,0.600896860986547,both,0.8474406991260924
DRI,0.7757303370786517,0.057475397216472254,0.5560538116591929,0.6835834266517358,0.0357472768326523,0.5520169851380042,0.7689388264669164,0.07121518846391077,0.5560538116591929,stock,0.7757303370786517
DTE,0.784669163545568,0.06998170297209665,0.5852017937219731,0.7282866741321389,0.031506162497206246,0.5796178343949044,0.786916354556804,0.05296223297677053,0.5852017937219731,both,0.786916354556804
DVA,0.8003245942571784,0.04665380643591704,0.5381165919282511,0.7495632698768196,0.04219954420229676,0.5265392781316348,0.8025468164794007,0.034341444644026664,0.5381165919282511,both,0.8025468164794007
DXCM,0.8294132334581773,0.059473412180662016,0.5874439461883408,0.7707278835386338,0.01936579172960796,0.583864118895966,0.8070661672908864,0.06779481893808754,0.5874439461883408,stock,0.8294132334581773
EA,0.8092883895131087,0.0412368905247213,0.5605381165919282,0.7176259798432251,0.020758180047308276,0.564755838641189,0.8272659176029962,0.04608683857167193,0.5605381165919282,both,0.8272659176029962
EBAY,0.8520848938826466,0.02237604743757176,0.547085201793722,0.7706159014557671,0.03764001497951107,0.5435244161358811,0.8386516853932585,0.02551922618710721,0.547085201793722,stock,0.8520848938826466
ECL,0.8655430711610487,0.02411007781188177,0.5964125560538116,0.7770884658454648,0.02210091732667964,0.5859872611464968,0.836354556803995,0.022876970795423023,0.5964125560538116,stock,0.8655430711610487
ED,0.809538077403246,0.03609640685262911,0.515695067264574,0.7793057110862261,0.0475791510484446,0.5222929936305732,0.8163046192259674,0.050218287193477186,0.515695067264574,both,0.8163046192259674
EFX,0.8228714107365793,0.03285596638270132,0.5919282511210763,0.7431354983202688,0.02011435127469598,0.5774946921443737,0.838601747815231,0.04283136489776966,0.5919282511210763,both,0.838601747815231
EIX,0.78019975031211,0.020231437980147943,0.5112107623318386,0.7220156774916013,0.0404177823842105,0.5095541401273885,0.7824968789013733,0.029898850313876076,0.5112107623318386,both,0.7824968789013733
EL,0.8251435705368289,0.04041810719208627,0.600896860986547,0.747390817469205,0.024097898974364165,0.5944798301486199,0.8184769038701623,0.04117655375719955,0.600896860986547,stock,0.8251435705368289
EMN,0.8093133583021224,0.05298136984022979,0.5986547085201793,0.7304815229563271,0.05581416182188165,0.5966029723991507,0.813832709113608,0.061547654679774265,0.5986547085201793,both,0.813832709113608
EMR,0.764669163545568,0.05591838204603311,0.5896860986547086,0.7367301231802912,0.031106840852989495,0.5881104033970276,0.757852684144819,0.053427467693054856,0.5896860986547086,stock,0.764669163545568
ENS,0.7802247191011237,0.03476688468460893,0.5291479820627802,0.6729451287793953,0.05057939997314732,0.5286624203821656,0.7712609238451935,0.025536419273399988,0.5291479820627802,stock,0.7802247191011237
EOG,0.8094631710362046,0.03524266513318435,0.547085201793722,0.7750727883538634,0.03671916915292252,0.5477707006369427,0.8206491885143571,0.048105312403955,0.547085201793722,both,0.8206491885143571
EQIX,0.7847440699126093,0.028830724488762914,0.547085201793722,0.69003359462486,0.03757428593105924,0.5498938428874734,0.8070911360799002,0.038862410152607746,0.547085201793722,both,0.8070911360799002
EQR,0.7846441947565543,0.04980006034035853,0.5538116591928252,0.7685330347144458,0.02674145269053017,0.5477707006369427,0.7802496878901374,0.02536887944500981,0.5538116591928252,stock,0.7846441947565543
ES,0.8340574282147315,0.037288560385238693,0.5022421524663677,0.7772004479283315,0.03999040575941624,0.4968152866242038,0.845243445692884,0.037364989794879816,0.5022421524663677,both,0.845243445692884
ESS,0.7690137328339575,0.04869492587008239,0.5246636771300448,0.7515341545352744,0.03694420445403501,0.5180467091295117,0.7779525593008738,0.05022014935037532,0.5246636771300448,both,0.7779525593008738
EW,0.8049937578027466,0.02662895302450916,0.5762331838565022,0.7366853303471445,0.02921892161908669,0.5690021231422505,0.802796504369538,0.028907949087841084,0.5762331838565022,stock,0.8049937578027466
EXR,0.8183021223470662,0.02830976229400407,0.6636771300448431,0.810996640537514,0.04076814731998796,0.6560509554140127,0.7959051186017477,0.0244146243863129,0.6636771300448431,stock,0.8183021223470662
F,0.769063670411985,0.025152928991694513,0.6210762331838565,0.7324300111982083,0.04755501332238969,0.6093418259023354,0.7825468164794007,0.04832685731515731,0.6210762331838565,both,0.7825468164794007
FANG,0.7735830212234707,0.0426279170548917,0.5762331838565022,0.7558342665173573,0.04514623188773746,0.5753715498938429,0.7915605493133583,0.05402276642007667,0.5762331838565022,both,0.7915605493133583
FAST,0.7893133583021223,0.03228587040356789,0.6210762331838565,0.723986562150056,0.016521877643622295,0.6114649681528662,0.7891885143570536,0.04128614745550407,0.6210762331838565,stock,0.7893133583021223
FB,0.8251186017478153,0.04354075727357583,0.57847533632287,0.7218589025755879,0.03527342468419595,0.5753715498938429,0.8116604244694132,0.04459216008646756,0.57847533632287,stock,0.8251186017478153
FBHS,0.8608489388264668,0.04265072621379551,0.600896860986547,0.7771332586786114,0.020482670908877114,0.5944798301486199,0.8609238451935081,0.027404312356432203,0.600896860986547,both,0.8609238451935081
FCGN,1.0,0.0,0.3870967741935484,0.9765957446808511,0.03323510500385811,0.029723991507430998,1.0,0.0,0.3870967741935484,stock,1.0
FCX,0.7981772784019976,0.022699032572527828,0.6390134529147982,0.7600895856662934,0.047350156245032464,0.6326963906581741,0.8070911360799002,0.03546538524844366,0.6390134529147982,both,0.8070911360799002
FDX,0.8047690387016229,0.060041730020156545,0.5829596412556054,0.7770884658454648,0.03482470658961597,0.5817409766454352,0.8092883895131084,0.06140787238579037,0.5829596412556054,both,0.8092883895131084
FE,0.7600998751560549,0.04739241908884374,0.5582959641255605,0.7452183650615901,0.053414650630995944,0.5583864118895966,0.8025967540574281,0.03565158377188226,0.5582959641255605,both,0.8025967540574281
FFIV,0.8228963795255929,0.007744189764284235,0.6143497757847534,0.7877043673012317,0.03350539849260313,0.613588110403397,0.8138576779026216,0.030875601266704075,0.6143497757847534,stock,0.8228963795255929
FIS,0.8004244694132335,0.025189981552439976,0.5134529147982063,0.7217693169092944,0.04432180107818877,0.5095541401273885,0.8137827715355807,0.03906523242628093,0.5134529147982063,both,0.8137827715355807
FISV,0.7870661672908864,0.023877996405606287,0.5022421524663677,0.7176259798432251,0.017178299710148708,0.5031847133757962,0.7938077403245942,0.02435264759210494,0.5022421524663677,both,0.7938077403245942
FITB,0.7802996254681647,0.02046685406194823,0.6076233183856502,0.6708398656215006,0.02322850690889418,0.5987261146496815,0.7713857677902621,0.020922355355920415,0.6076233183856502,stock,0.7802996254681647
FLS,0.8093882646691636,0.020337289406178967,0.515695067264574,0.7219484882418813,0.03380226981797607,0.5201698513800425,0.7937078651685393,0.015399408268774664,0.515695067264574,stock,0.8093882646691636
FLT,0.8049188514357054,0.029031261559456248,0.5358744394618834,0.7070324748040313,0.018066205163187788,0.5265392781316348,0.816179775280899,0.031215739962580386,0.5358744394618834,both,0.816179775280899
FMBM,0.7848484848484848,0.034520280557615114,0.4965675057208238,0.6794624860022397,0.023764761535874285,0.4734607218683652,0.7574451410658306,0.026359693241409635,0.4965675057208238,stock,0.7848484848484848
FMC,0.849912609238452,0.03984289621316172,0.515695067264574,0.7134154535274357,0.019531344638267948,0.5159235668789809,0.8274406991260923,0.03750711057309227,0.515695067264574,stock,0.849912609238452
FN,0.8138826466916355,0.022154281811862783,0.5582959641255605,0.7091601343784995,0.038149151656305155,0.5626326963906582,0.8295880149812733,0.04348442029573031,0.5582959641255605,both,0.8295880149812733
FPLPF,1.0,0.0,1.0,0.9851735722284435,0.010743885743020985,0.029723991507430998,1.0,0.0,1.0,stock,1.0
FRC,0.8182771535580524,0.03094856973261348,0.5672645739910314,0.7346248600223964,0.023069439735715163,0.5605095541401274,0.8093133583021224,0.050040318780843404,0.5672645739910314,stock,0.8182771535580524
FRMC,0.9818181818181818,0.036363636363636376,0.5094339622641509,0.957491601343785,0.03012144014755919,0.06369426751592357,0.9436363636363637,0.046140281965270986,0.5094339622641509,stock,0.9818181818181818
FRT,0.8272908863920099,0.017341286848177224,0.5448430493273543,0.7536618141097424,0.03220145216861398,0.5329087048832272,0.8205742821473159,0.02390993296741101,0.5448430493273543,stock,0.8272908863920099
FTI,0.8541323345817728,0.04230906593609554,0.4663677130044843,0.7494736842105263,0.04387545465054381,0.4734607218683652,0.8451685393258426,0.04813606939311845,0.4663677130044843,stock,0.8541323345817728
GD,0.8115355805243446,0.05597585963670843,0.5762331838565022,0.7791713325867861,0.05732301460076318,0.5753715498938429,0.8116104868913858,0.04478122899665955,0.5762331838565022,both,0.8116104868913858
GE,0.7959051186017477,0.06658808556393025,0.5381165919282511,0.7178275475923852,0.06962856091611563,0.524416135881104,0.8049188514357054,0.0614144711244978,0.5381165919282511,both,0.8049188514357054
GGG,0.8363046192259675,0.025327559781156805,0.5672645739910314,0.7600447928331466,0.03224877124135932,0.564755838641189,0.8317852684144817,0.023885044906291158,0.5672645739910314,stock,0.8363046192259675
GILD,0.7915855181023721,0.03295157488965292,0.4977578475336323,0.6813661814109743,0.042403023770420205,0.4968152866242038,0.8049438202247192,0.04793211544411652,0.4977578475336323,both,0.8049438202247192
GIS,0.7981273408239701,0.048463898485758244,0.515695067264574,0.681612541993281,0.02659119664065613,0.5201698513800425,0.7914357053682897,0.03686797062534202,0.515695067264574,stock,0.7981273408239701
GM,0.8206242197253433,0.030985693743744814,0.5381165919282511,0.7622396416573348,0.02151075252990354,0.5329087048832272,0.8161797752808988,0.04038446717165889,0.5381165919282511,stock,0.8206242197253433
GOOG,0.851960049937578,0.03529940414818729,0.6748878923766816,0.7600223964165733,0.028676160479586515,0.6666666666666666,0.8497627965043696,0.029868307895287907,0.6748878923766816,stock,0.851960049937578
GPC,0.804769038701623,0.04167203367548659,0.5986547085201793,0.7494960806270997,0.010113166320157366,0.5881104033970276,0.813732833957553,0.040410887750126835,0.5986547085201793,both,0.813732833957553
GPN,0.8050187265917603,0.03239525010949518,0.47757847533632286,0.7239193729003359,0.03669812606791975,0.4734607218683652,0.7937328339575531,0.02972003396410032,0.47757847533632286,stock,0.8050187265917603
GRMN,0.7870162297128589,0.043107151729098916,0.594170403587444,0.715498320268757,0.029616125677370687,0.5923566878980892,0.7982771535580524,0.0493982360302729,0.594170403587444,both,0.7982771535580524
GS-PJ,0.8272908863920099,0.018740835199119614,0.5493273542600897,0.7261590145576708,0.024058859909503974,0.5498938428874734,0.8340324594257179,0.013610532468167019,0.5493273542600897,both,0.8340324594257179
GWW,0.7914357053682897,0.009837702871410725,0.5717488789237668,0.7494288913773797,0.034955820166072564,0.5732484076433121,0.793558052434457,0.052921441086034526,0.5717488789237668,both,0.793558052434457
HAL,0.8250187265917603,0.055993899748498256,0.5582959641255605,0.766494960806271,0.04876021369389054,0.5583864118895966,0.8183520599250936,0.034530129053531436,0.5582959641255605,stock,0.8250187265917603
HAS,0.8027715355805244,0.045406853256512635,0.5269058295964125,0.7367077267637178,0.008583819273998983,0.5329087048832272,0.8228714107365793,0.02289168207959903,0.5269058295964125,both,0.8228714107365793
HBAN,0.8049188514357054,0.05444041213055815,0.6121076233183856,0.7027995520716686,0.056456519783314646,0.6008492569002123,0.8229463171036204,0.06541691205280438,0.6121076233183856,both,0.8229463171036204
HBI,0.8161298377028714,0.020940821850304228,0.5358744394618834,0.7578499440089586,0.04272509628071293,0.5222929936305732,0.8026716604244694,0.022163735122151897,0.5358744394618834,stock,0.8161298377028714
HCA,0.8204993757802747,0.046931919264132795,0.6098654708520179,0.7494736842105263,0.010690248587457644,0.6029723991507431,0.804769038701623,0.0683043300707876,0.6098654708520179,stock,0.8204993757802747
HD,0.8340074906367041,0.027320191281030415,0.6300448430493274,0.738902575587906,0.013372480044887307,0.6199575371549894,0.8204494382022471,0.04908145030502813,0.6300448430493274,stock,0.8340074906367041
HES,0.8071161048689139,0.02332945543430328,0.5381165919282511,0.7579171332586786,0.028400422438990942,0.5371549893842887,0.7802996254681649,0.029553006359442652,0.5381165919282511,stock,0.8071161048689139
HFC,0.8095131086142322,0.03339816109037864,0.5134529147982063,0.7156103023516238,0.032750622339995095,0.5201698513800425,0.7825717852684144,0.0655118218115761,0.5134529147982063,stock,0.8095131086142322
HII,0.8115855181023722,0.026441747154295755,0.4910313901345291,0.7623964165733482,0.05662784124597039,0.49469214437367304,0.800374531835206,0.03168282544203236,0.4910313901345291,stock,0.8115855181023722
HLT,0.8161298377028714,0.029025978278854826,0.5896860986547086,0.7217693169092945,0.04870160392275441,0.5796178343949044,0.8318601747815231,0.022285591869539354,0.5896860986547086,both,0.8318601747815231
HOLX,0.8587515605493135,0.015159078033446377,0.5874439461883408,0.7898544232922732,0.026838869874495762,0.5881104033970276,0.847465667915106,0.02745231771787787,0.5874439461883408,stock,0.8587515605493135
HON,0.8048938826466916,0.02115409090184392,0.5560538116591929,0.7114669652855543,0.05108325596576634,0.5520169851380042,0.8340823970037453,0.019302020564382214,0.5560538116591929,both,0.8340823970037453
HPE,0.8139325842696629,0.027828899919843088,0.5762331838565022,0.7475027995520718,0.0387053494931015,0.5711252653927813,0.8206741573033709,0.023153702242501125,0.5762331838565022,both,0.8206741573033709
HPQ,0.8205992509363297,0.0176626608577552,0.6076233183856502,0.7707054871220604,0.02474754373643567,0.5966029723991507,0.8140324594257178,0.03356065324919508,0.6076233183856502,stock,0.8205992509363297
HRB,0.8228714107365793,0.039166345203878426,0.5964125560538116,0.7260918253079507,0.03129774010040072,0.5817409766454352,0.7960049937578028,0.04551310971007547,0.5964125560538116,stock,0.8228714107365793
HRL,0.8161548064918851,0.02302788446156421,0.48654708520179374,0.7239417693169093,0.030486319460230105,0.4968152866242038,0.8206491885143571,0.028269433124634848,0.48654708520179374,both,0.8206491885143571
HSIC,0.8250686641697877,0.026454476147346136,0.5493273542600897,0.7601343784994402,0.04255112861151772,0.5392781316348195,0.8341073657927591,0.03969286748172609,0.5493273542600897,both,0.8341073657927591
HST,0.8139076154806493,0.04580011023107669,0.5605381165919282,0.7432698768197088,0.05332664387580969,0.5520169851380042,0.7959300873907615,0.056243082654686985,0.5605381165919282,stock,0.8139076154806493
HSY,0.8386516853932585,0.03616232393688348,0.5807174887892377,0.7219708846584547,0.0498418853567222,0.5796178343949044,0.8229712858926342,0.050492546709662425,0.5807174887892377,stock,0.8386516853932585
HTLF,0.8116354556803994,0.013398355484243358,0.5515695067264574,0.6794848824188129,0.03302415227735624,0.5392781316348195,0.7935830212234707,0.036504472009023896,0.5515695067264574,stock,0.8116354556803994
HUM,0.8406991260923844,0.03398508100633685,0.515695067264574,0.7897648376259798,0.03414572977747462,0.5180467091295117,0.8474406991260924,0.03097941558448227,0.515695067264574,both,0.8474406991260924
IBM,0.8049188514357054,0.041854393880570044,0.531390134529148,0.7303471444568869,0.03346110083142885,0.535031847133758,0.8070411985018726,0.03962992831181976,0.531390134529148,both,0.8070411985018726
ICE,0.8159550561797753,0.05831623041189607,0.5807174887892377,0.7452631578947368,0.01959595582599751,0.5817409766454352,0.813732833957553,0.04457051233295316,0.5807174887892377,stock,0.8159550561797753
IDXX,0.8183520599250936,0.05667695112517439,0.6322869955156951,0.7684882418812989,0.038140551647584245,0.6284501061571125,0.811685393258427,0.0455997085242635,0.6322869955156951,stock,0.8183520599250936
IEX,0.7890387016229713,0.049925741418668755,0.5896860986547086,0.7474580067189249,0.032858329188584605,0.5881104033970276,0.7958302122347065,0.04503331359026052,0.5896860986547086,both,0.7958302122347065
IFF,0.8161797752808988,0.03846308835116346,0.5493273542600897,0.7219036954087346,0.05119850220205847,0.5435244161358811,0.8228464419475655,0.03060179507987341,0.5493273542600897,both,0.8228464419475655
ILMN,0.8069413233458178,0.054686185458673646,0.5762331838565022,0.7751399776035834,0.04644975762230989,0.5817409766454352,0.8226966292134831,0.04148730912681026,0.5762331838565022,both,0.8226966292134831
INTH,1.0,0.0,0.6666666666666666,0.9830683090705487,0.014272229585226774,0.029723991507430998,1.0,0.0,0.6666666666666666,stock,1.0
INTU,0.8341073657927591,0.03271906149057306,0.6502242152466368,0.7472788353863382,0.03433286654842516,0.6411889596602972,0.8386267166042447,0.0487817295607523,0.6502242152466368,both,0.8386267166042447
IP,0.8071660424469413,0.04348883589793369,0.5605381165919282,0.7219260918253079,0.025693229222723993,0.5562632696390658,0.7735081148564296,0.051081553521345927,0.5605381165919282,stock,0.8071660424469413
IPGP,0.8207490636704119,0.03322129046545196,0.5672645739910314,0.7559014557670773,0.04814762861833307,0.5626326963906582,0.8229962546816478,0.03774240389279463,0.5672645739910314,both,0.8229962546816478
IR,0.7780524344569288,0.021485987515744192,0.5986547085201793,0.7089809630459126,0.04853409406268992,0.5987261146496815,0.7801747815230962,0.031180649426198557,0.5986547085201793,both,0.7801747815230962
IRM,0.8519850187265918,0.034497940094728896,0.5852017937219731,0.7368645016797313,0.04433474608491722,0.5711252653927813,0.8340823970037453,0.03718254275952317,0.5852017937219731,stock,0.8519850187265918
ISRG,0.8318102372034956,0.05181480358319343,0.594170403587444,0.7451063829787234,0.04613441106278974,0.5902335456475584,0.831785268414482,0.04454725865471245,0.594170403587444,stock,0.8318102372034956
IT,0.7779525593008739,0.024558374807827254,0.6322869955156951,0.717558790593505,0.047710065955122,0.6220806794055201,0.766816479400749,0.008333143961152607,0.6322869955156951,stock,0.7779525593008739
ITW,0.8341073657927591,0.027704601393362803,0.6165919282511211,0.7707950727883539,0.030408230977896505,0.6093418259023354,0.8093882646691636,0.023771860752159667,0.6165919282511211,stock,0.8341073657927591
IVZ,0.7960049937578026,0.02844250859605124,0.5627802690582959,0.7196864501679732,0.03993648469896594,0.5477707006369427,0.7846941323345817,0.023385720337251763,0.5627802690582959,stock,0.7960049937578026
JBHT,0.7824469413233458,0.023641052816531578,0.5919282511210763,0.74528555431131,0.03168690100583455,0.5902335456475584,0.7891385767790262,0.034113251046399104,0.5919282511210763,both,0.7891385767790262
JCI,0.7735330836454433,0.040489491736578266,0.6860986547085202,0.7452407614781634,0.013054440690521025,0.673036093418259,0.7757802746566791,0.05817567094702117,0.6860986547085202,both,0.7757802746566791
JKHY,0.7780024968789013,0.031450011073685155,0.5134529147982063,0.741030235162374,0.03423705266964635,0.5159235668789809,0.7735330836454432,0.01806746817990068,0.5134529147982063,stock,0.7780024968789013
JNJ,0.8452933832709114,0.02056955450331433,0.531390134529148,0.734602463605823,0.022343161768629455,0.5286624203821656,0.8408739076154805,0.035449666279683954,0.531390134529148,stock,0.8452933832709114
JNPR,0.8025717852684146,0.030376827994426828,0.5919282511210763,0.7367525195968645,0.03986256389497411,0.5923566878980892,0.8048189762796504,0.03426056334122247,0.5919282511210763,both,0.8048189762796504
JPM,0.8206991260923845,0.038521136879309005,0.5336322869955157,0.6772452407614782,0.04664606369733033,0.5286624203821656,0.8163046192259676,0.0382283168088895,0.5336322869955157,stock,0.8206991260923845
K,0.818401997503121,0.02276567592216989,0.5112107623318386,0.7113997760358343,0.05670025195354226,0.5095541401273885,0.8093632958801498,0.03125490044198513,0.5112107623318386,stock,0.818401997503121
KEY,0.8003245942571784,0.032643633651058,0.600896860986547,0.7176483762597984,0.02792192790805775,0.5902335456475584,0.7959550561797754,0.019404074737009353,0.600896860986547,stock,0.8003245942571784
KEYS,0.8160299625468165,0.035668647032832256,0.6390134529147982,0.7600447928331466,0.03978964033962368,0.6242038216560509,0.8272409488139825,0.037023283881512006,0.6390134529147982,both,0.8272409488139825
KGNR,0.9238095238095239,0.0645936188869073,0.3584905660377358,0.9194176931690929,0.052138771198598166,0.12314225053078556,0.9333333333333333,0.04856209060564558,0.3584905660377358,both,0.9333333333333333
KHC,0.8004744069912609,0.04213977129224938,0.5672645739910314,0.7559014557670773,0.05677659019819762,0.5711252653927813,0.8184019975031213,0.035717728319984446,0.5672645739910314,both,0.8184019975031213
KIM,0.7623720349563046,0.044924784427598376,0.5739910313901345,0.7494064949608064,0.04318377593239067,0.5583864118895966,0.7824968789013733,0.04643714149618261,0.5739910313901345,both,0.7824968789013733
KMB,0.8184269662921348,0.0301960935411071,0.5112107623318386,0.7411198208286675,0.047332133429773944,0.5095541401273885,0.8251186017478152,0.01817522041827135,0.5112107623318386,both,0.8251186017478152
KMX,0.8340324594257178,0.04123356431793076,0.5493273542600897,0.7578499440089587,0.030332273228873677,0.5435244161358811,0.8363295880149811,0.018179267564811384,0.5493273542600897,both,0.8363295880149811
KO,0.8251186017478153,0.02890199614820255,0.5807174887892377,0.7388801791713326,0.03820722328902821,0.5753715498938429,0.8161548064918851,0.028866511899326045,0.5807174887892377,stock,0.8251186017478153
KR,0.7983021223470661,0.044969724813689584,0.5672645739910314,0.6943561030235162,0.03430043187717131,0.5668789808917197,0.798227215980025,0.05495598130592286,0.5672645739910314,stock,0.7983021223470661
KRA,0.7622222222222221,0.04933984339105554,0.5582959641255605,0.7027547592385218,0.0374823017976564,0.5562632696390658,0.7577528089887642,0.05565417049601309,0.5582959641255605,stock,0.7622222222222221
KSS,0.8116354556803994,0.0133983554842434,0.5672645739910314,0.7431131019036955,0.04104628360402341,0.5520169851380042,0.8071660424469413,0.030525465335867828,0.5672645739910314,stock,0.8116354556803994
KSU,0.7931652661064426,0.04153716900648663,0.5629453681710214,0.7331585518102373,0.04693917173064491,0.5605381165919282,0.7979271708683473,0.047489806490776006,0.5629453681710214,both,0.7979271708683473
LBTYA,0.827565543071161,0.06448111326965782,0.5089686098654709,0.7048600223964165,0.06783854246545273,0.505307855626327,0.8118601747815232,0.059520062751591975,0.5089686098654709,stock,0.827565543071161
LDOS,0.8520599250936328,0.018949978487900383,0.5493273542600897,0.7686450167973123,0.06296779504373169,0.5498938428874734,0.849812734082397,0.01299576896846253,0.5493273542600897,stock,0.8520599250936328
LEG,0.8095131086142322,0.026672978254040337,0.5448430493273543,0.7028219484882419,0.03868810960461579,0.5392781316348195,0.8116104868913858,0.030739003039225755,0.5448430493273543,both,0.8116104868913858
LH,0.836354556803995,0.019283665874134177,0.600896860986547,0.772922732362822,0.0514044551613064,0.5944798301486199,0.8296129837702871,0.01070762288674203,0.600896860986547,stock,0.836354556803995
LKQ,0.7779525593008739,0.026535092274595887,0.6143497757847534,0.7409854423292273,0.029688137665922192,0.6050955414012739,0.784669163545568,0.028408557226322267,0.6143497757847534,both,0.784669163545568
LMT,0.8093882646691636,0.02946342495499885,0.5112107623318386,0.7494288913773797,0.02605143243093783,0.5159235668789809,0.8251435705368289,0.017906921967112657,0.5112107623318386,both,0.8251435705368289
LNC,0.8227965043695381,0.03163099172637622,0.5650224215246636,0.726181410974244,0.0289083346505184,0.5626326963906582,0.8116354556803994,0.021966064193226182,0.5650224215246636,stock,0.8227965043695381
LNT,0.8273158551810237,0.03468796596022813,0.5201793721973094,0.7773124300111982,0.06603979824111611,0.5159235668789809,0.8341323345817727,0.02842382720100459,0.5201793721973094,both,0.8341323345817727
LOW,0.8385767790262173,0.02191571361547236,0.6412556053811659,0.7644568868980963,0.037294949721171554,0.6369426751592356,0.8206491885143571,0.027361691738238793,0.6412556053811659,stock,0.8385767790262173
LRCX,0.8228464419475655,0.048999300199030094,0.6076233183856502,0.7388801791713325,0.025395739087276686,0.6008492569002123,0.8408489388264668,0.04928097674172091,0.6076233183856502,both,0.8408489388264668
LUV,0.8319350811485643,0.06362899928578007,0.5089686098654709,0.7410078387458008,0.04318261437064525,0.5010615711252654,0.8296878901373284,0.0490359554878182,0.5089686098654709,stock,0.8319350811485643
LVS,0.7960299625468165,0.023319351832758652,0.45739910313901344,0.7388577827547593,0.021825305077919,0.4543524416135881,0.8005243445692883,0.03457689586437395,0.45739910313901344,both,0.8005243445692883
LYB,0.8026716604244696,0.03312423957591283,0.5582959641255605,0.7047480403135498,0.040795956524288864,0.5562632696390658,0.7958551810237202,0.04875058704455454,0.5582959641255605,stock,0.8026716604244696
LYV,0.8207240948813983,0.03343021545725571,0.5919282511210763,0.7580515117581187,0.03760521743583743,0.583864118895966,0.8161797752808988,0.01783086240438415,0.5919282511210763,stock,0.8207240948813983
MAA,0.7936828963795256,0.04196818944879004,0.6143497757847534,0.751511758118701,0.05226145140639292,0.6050955414012739,0.8071410736579276,0.034540996435033666,0.6143497757847534,both,0.8071410736579276
MAR,0.7961797752808989,0.058078476700726106,0.531390134529148,0.7240313549832027,0.019552802809355656,0.5222929936305732,0.7983021223470661,0.037633655906666945,0.531390134529148,both,0.7983021223470661
MCD,0.7869662921348315,0.026793453592429437,0.600896860986547,0.7112877939529675,0.06690729942158999,0.5966029723991507,0.8003245942571786,0.04386438513088982,0.600896860986547,both,0.8003245942571786
MCHP,0.8252434456928839,0.04401384924976427,0.5650224215246636,0.7516237402015677,0.054746069310954354,0.5626326963906582,0.8319850187265917,0.05440884183038136,0.5650224215246636,both,0.8319850187265917
MCK,0.7891885143570537,0.04066998029637865,0.5582959641255605,0.7282866741321389,0.01638073969417286,0.5498938428874734,0.8026466916354558,0.019969787076910408,0.5582959641255605,both,0.8026466916354558
MCO,0.8363295880149814,0.027101202269850983,0.6076233183856502,0.7771780515117582,0.03474119548791613,0.6072186836518046,0.8385518102372034,0.016924050748238984,0.6076233183856502,both,0.8385518102372034
MDLZ,0.8094881398252186,0.024976278527178396,0.5605381165919282,0.7516685330347145,0.0607815226632601,0.5626326963906582,0.8207240948813983,0.02671310371784162,0.5605381165919282,both,0.8207240948813983
MDT,0.7824469413233457,0.04498178449281602,0.5358744394618834,0.7070324748040313,0.04104227513730333,0.5371549893842887,0.7644694132334582,0.04701402185253731,0.5358744394618834,stock,0.7824469413233457
MET,0.8271410736579276,0.05913817486291228,0.5829596412556054,0.7176035834266518,0.005995968711941726,0.5796178343949044,0.7958302122347066,0.04029900665823378,0.5829596412556054,stock,0.8271410736579276
MGM,0.7601997503121098,0.04340308154728246,0.5291479820627802,0.724053751399776,0.025283798641087978,0.5265392781316348,0.762521847690387,0.050212625812430176,0.5291479820627802,both,0.762521847690387
MHK,0.8138576779026216,0.026472804564902332,0.5695067264573991,0.7856438969764837,0.03461325424185181,0.5605095541401274,0.8183021223470661,0.026465927006689597,0.5695067264573991,both,0.8183021223470661
MKTX,0.8205992509363297,0.04031048403617592,0.48878923766816146,0.7918477043673013,0.044231612947849615,0.49469214437367304,0.8183520599250936,0.027163242493586162,0.48878923766816146,stock,0.8205992509363297
MLM,0.8182022471910113,0.08137314165810602,0.6076233183856502,0.7408734602463605,0.04336671526432565,0.6029723991507431,0.8182521847690387,0.05319796068025244,0.6076233183856502,both,0.8182521847690387
MMC,0.8429712858926341,0.045708462855189085,0.600896860986547,0.7451959686450168,0.07160627194791486,0.5923566878980892,0.8227715355805243,0.07313347646264033,0.600896860986547,stock,0.8429712858926341
MMM,0.778027465667915,0.039804666756776054,0.5605381165919282,0.7239641657334825,0.01393715885036691,0.5605095541401274,0.7869912609238451,0.0256394815723873,0.5605381165919282,both,0.7869912609238451
MNST,0.8430711610486892,0.045415749486813824,0.5739910313901345,0.7580739081746921,0.045584636579167656,0.5711252653927813,0.8430711610486892,0.04072592425188969,0.5739910313901345,stock,0.8430711610486892
MO,0.8318352059925094,0.03693271321534398,0.5919282511210763,0.7473684210526316,0.02436324566079294,0.5859872611464968,0.8073158551810236,0.043773470439090474,0.5919282511210763,stock,0.8318352059925094
MOS,0.8094631710362048,0.015233908149054613,0.6098654708520179,0.7346472564389698,0.019574339958734116,0.6050955414012739,0.7960299625468166,0.027309098621872703,0.6098654708520179,stock,0.8094631710362048
MPC,0.7914357053682897,0.03686797062534202,0.5807174887892377,0.7452855543113103,0.022496595658515302,0.5732484076433121,0.8116104868913858,0.020973782771535592,0.5807174887892377,both,0.8116104868913858
MRCR,0.9048103607770581,0.02587119888166798,0.5541125541125541,0.794087346024636,0.053937685779976235,0.3184713375796178,0.9090656799259944,0.025426117123507206,0.5541125541125541,both,0.9090656799259944
MRK,0.8385268414481898,0.03241768179138371,0.49551569506726456,0.7494288913773797,0.0480455390961635,0.4968152866242038,0.8586766541822721,0.03545568039950063,0.49551569506726456,both,0.8586766541822721
MRO,0.7890636704119849,0.04676845476876794,0.5829596412556054,0.747390817469205,0.037958219601234564,0.5711252653927813,0.7891385767790262,0.03018642948256162,0.5829596412556054,both,0.7891385767790262
MS-PF,0.8429712858926341,0.02396462693826671,0.5224215246636771,0.7262038073908175,0.029415286756021706,0.524416135881104,0.8271660424469414,0.04619655140841464,0.5224215246636771,stock,0.8429712858926341
MSCI,0.8317602996254682,0.057030463207619154,0.6165919282511211,0.7558790593505039,0.05012496156519909,0.6157112526539278,0.8451685393258428,0.04487860436956941,0.6165919282511211,both,0.8451685393258428
MSFT,0.8228714107365793,0.019301116164720723,0.6300448430493274,0.7303247480403134,0.048972795404611275,0.6284501061571125,0.8318851435705368,0.024241029537735978,0.6300448430493274,both,0.8318851435705368
MSI,0.8160549313358303,0.07145200173159431,0.6300448430493274,0.7262262038073908,0.03346974924682848,0.6114649681528662,0.8026716604244694,0.07999735033431496,0.6300448430493274,stock,0.8160549313358303
MU,0.8071161048689138,0.029107654273745984,0.5426008968609866,0.7154087346024636,0.05683019985327774,0.5435244161358811,0.8049188514357054,0.015389283765529806,0.5426008968609866,stock,0.8071161048689138
NCLH,0.8565043695380774,0.010961724942572913,0.5067264573991032,0.7579843225083986,0.026164478866000145,0.505307855626327,0.8655181023720349,0.02324356894058111,0.5067264573991032,both,0.8655181023720349
NCTKF,0.9087912087912088,0.08992207712298365,0.582089552238806,0.9511310190369541,0.01599417787880463,0.11677282377919321,0.9087912087912088,0.08992207712298365,0.582089552238806,covid,0.9511310190369541
NDAQ,0.8049687890137329,0.016328977146331802,0.6345291479820628,0.7325867861142217,0.047061261387245146,0.6305732484076433,0.7892384519350811,0.037854067614442696,0.6345291479820628,stock,0.8049687890137329
NEE,0.8183520599250936,0.013503937361288382,0.5874439461883408,0.7260246360582306,0.039975915974680865,0.583864118895966,0.8048439450686642,0.02575811061889927,0.5874439461883408,stock,0.8183520599250936
NEOG,0.7981023720349563,0.03227822273452379,0.5538116591928252,0.7091601343784995,0.02530828766288116,0.5498938428874734,0.7958551810237203,0.04977566760987022,0.5538116591928252,stock,0.7981023720349563
NFLX,0.7914357053682896,0.015756789679866677,0.5246636771300448,0.7049720044792833,0.06348511486831884,0.5307855626326964,0.7981772784019976,0.026781351298391664,0.5246636771300448,both,0.7981772784019976
NI,0.8093882646691635,0.045050670599938634,0.5762331838565022,0.7156326987681971,0.0472391130676227,0.5668789808917197,0.8049188514357054,0.020948144367823735,0.5762331838565022,stock,0.8093882646691635
NLSN,0.7623970037453184,0.030714898883053104,0.5224215246636771,0.7622396416573348,0.04213696359732399,0.5095541401273885,0.8005992509363296,0.04129889028962776,0.5224215246636771,both,0.8005992509363296
NMHLY,0.806593707250342,0.04299660765981147,0.38694638694638694,0.7409630459126539,0.030631339131031027,0.3970276008492569,0.806593707250342,0.0322096095333809,0.38694638694638694,stock,0.806593707250342
NOC,0.7959300873907614,0.024245658407276147,0.5358744394618834,0.76006718924972,0.027545097712041246,0.5392781316348195,0.8026217228464418,0.04206777852314301,0.5358744394618834,both,0.8026217228464418
NOK,0.8004744069912608,0.010454858633180698,0.5650224215246636,0.7431578947368421,0.04393321857872959,0.5690021231422505,0.7735830212234707,0.047128852179074976,0.5650224215246636,stock,0.8004744069912608
NOV,0.8115605493133582,0.034048640410356684,0.5089686098654709,0.7771332586786114,0.027137156743092323,0.505307855626327,0.8182521847690387,0.03695350406461586,0.5089686098654709,both,0.8182521847690387
NOW,0.7959051186017477,0.02640210659671569,0.5964125560538116,0.7493840985442329,0.02551029516272174,0.5796178343949044,0.8025967540574281,0.023749820708931346,0.5964125560538116,both,0.8025967540574281
NOXL,0.7845964912280701,0.025634790917545492,0.40691489361702127,0.7431578947368422,0.057342900817225366,0.3673036093418259,0.7925964912280702,0.02279470652886653,0.40691489361702127,both,0.7925964912280702
NRG,0.8316604244694134,0.053000076327285726,0.5582959641255605,0.7471444568868981,0.06268456532428816,0.554140127388535,0.8406242197253434,0.05683324211738991,0.5582959641255605,both,0.8406242197253434
NSC,0.7804494382022472,0.04404494382022474,0.5627802690582959,0.7770212765957447,0.03830732743804901,0.564755838641189,0.8005992509363296,0.041905811214729,0.5627802690582959,both,0.8005992509363296
NTAP,0.8004744069912609,0.01764366080718454,0.625560538116592,0.6732586786114222,0.06095378879223893,0.6157112526539278,0.7871410736579276,0.04570379790929448,0.625560538116592,stock,0.8004744069912609
NTRA,0.7824719101123595,0.029210025724533822,0.5538116591928252,0.7111534154535275,0.033936195617040234,0.5562632696390658,0.7959550561797752,0.02882717790710036,0.5538116591928252,both,0.7959550561797752
NTRR,0.7995403472931563,0.052440812972329096,0.34234234234234234,0.7748712206047033,0.026930384828165274,0.32696390658174096,0.8040091930541369,0.042019528371142346,0.34234234234234234,both,0.8040091930541369
NTRS,0.7891385767790263,0.027563100364006155,0.5538116591928252,0.724053751399776,0.04810651225882624,0.5583864118895966,0.8115605493133584,0.02926290941336821,0.5538116591928252,both,0.8115605493133584
NVR,0.8206741573033709,0.015267674383337536,0.5695067264573991,0.7537961926091825,0.04430046298620988,0.5626326963906582,0.8273657927590511,0.013305904914732313,0.5695067264573991,both,0.8273657927590511
NVRO,0.8183770287141074,0.04348659948012565,0.5224215246636771,0.7261366181410974,0.042067040858144764,0.5265392781316348,0.8228963795255929,0.039685421849832286,0.5224215246636771,both,0.8228963795255929
NWL,0.8251685393258427,0.04826807270412174,0.5717488789237668,0.7472340425531915,0.03321875584897659,0.5626326963906582,0.8183770287141072,0.008551728222539755,0.5717488789237668,stock,0.8251685393258427
O,0.7980774032459426,0.04247759780074173,0.5560538116591929,0.7578723404255321,0.033759461226040344,0.5477707006369427,0.791410736579276,0.017514924755614614,0.5560538116591929,stock,0.7980774032459426
ODFL,0.8407240948813982,0.0374661983213148,0.6591928251121076,0.7451959686450167,0.013895997395606915,0.6539278131634819,0.8094132334581772,0.05075581830717258,0.6591928251121076,stock,0.8407240948813982
OKE,0.7735830212234707,0.027507583496792224,0.5852017937219731,0.70508398656215,0.06857454334385668,0.5732484076433121,0.7848189762796504,0.03076227766373775,0.5852017937219731,both,0.7848189762796504
OMC,0.8206242197253435,0.018818318837334654,0.5739910313901345,0.6794400895856663,0.0570272580429295,0.5626326963906582,0.8183520599250936,0.02314837024773399,0.5739910313901345,stock,0.8206242197253435
ORLY,0.8565792759051186,0.05262638910776985,0.647982062780269,0.7537961926091826,0.04326652650139639,0.6390658174097664,0.8431210986267166,0.07568985179235738,0.647982062780269,stock,0.8565792759051186
OXY,0.8183520599250936,0.028077400470398976,0.4977578475336323,0.7769540873460247,0.04139566699514692,0.5010615711252654,0.802721598002497,0.03357447134155398,0.4977578475336323,stock,0.8183520599250936
PAYX,0.7824219725343321,0.039704174631058624,0.6121076233183856,0.7408958566629339,0.051842958818664776,0.6050955414012739,0.782521847690387,0.02885380985752753,0.6121076233183856,both,0.782521847690387
PBCT,0.8070411985018726,0.04386367447978508,0.5269058295964125,0.732541993281075,0.021915394297671344,0.5095541401273885,0.7891136079900125,0.04153131564822998,0.5269058295964125,stock,0.8070411985018726
PCAR,0.775705368289638,0.030631891094189893,0.5381165919282511,0.7558566629339305,0.027555366304479946,0.5392781316348195,0.7958551810237203,0.03337892863684767,0.5381165919282511,both,0.7958551810237203
PEG,0.7645193508114856,0.05194854814353561,0.5538116591928252,0.7176035834266518,0.033502479077715336,0.5562632696390658,0.7667415730337079,0.03890691794665913,0.5538116591928252,both,0.7667415730337079
PEP,0.8072159800249687,0.03484075784618851,0.5762331838565022,0.7303247480403134,0.02852906144710887,0.5711252653927813,0.8162047440699126,0.04823297952835591,0.5762331838565022,both,0.8162047440699126
PFE,0.8677652933832709,0.020184049984072774,0.5448430493273543,0.8153863381858903,0.03779587569245464,0.5414012738853503,0.8655680399500625,0.022808192673545696,0.5448430493273543,stock,0.8677652933832709
PG,0.8318601747815231,0.01989095915626204,0.5807174887892377,0.7920044792833146,0.021063064770808573,0.5774946921443737,0.8407740324594256,0.01956692975211067,0.5807174887892377,both,0.8407740324594256
PH,0.7713358302122347,0.034981763513084685,0.6098654708520179,0.7390369540873459,0.0479221354222504,0.6072186836518046,0.7781273408239701,0.023896892142730088,0.6098654708520179,both,0.7781273408239701
PHM,0.8004993757802745,0.02924014703430191,0.57847533632287,0.7091825307950729,0.016230063600243438,0.5711252653927813,0.8139076154806493,0.011322623158822511,0.57847533632287,both,0.8139076154806493
PKG,0.8139076154806493,0.04795461182011551,0.5762331838565022,0.7876819708846584,0.05827524352398544,0.5711252653927813,0.8250936329588014,0.044781228996659525,0.5762331838565022,both,0.8250936329588014
PKI,0.8317602996254682,0.022924775147132388,0.5695067264573991,0.7473684210526316,0.05470688649051208,0.5668789808917197,0.8205992509363297,0.0176626608577552,0.5695067264573991,stock,0.8317602996254682
PLD,0.8384769038701624,0.027542102248154985,0.5986547085201793,0.7834266517357223,0.05066418927669089,0.5987261146496815,0.8316853932584272,0.04528187469325213,0.5986547085201793,stock,0.8384769038701624
PM,0.7870162297128589,0.037466497841503486,0.5695067264573991,0.7580291153415454,0.03401206862814181,0.5668789808917197,0.8049188514357054,0.03671240787297298,0.5695067264573991,both,0.8049188514357054
PNR,0.8003245942571786,0.052749992870877,0.6053811659192825,0.7750055991041434,0.05617914204688055,0.6008492569002123,0.8272659176029963,0.06781173744722509,0.6053811659192825,both,0.8272659176029963
PNW,0.807016229712859,0.05181408165271229,0.47757847533632286,0.8153639417693169,0.046529028421640084,0.47770700636942676,0.8204244694132334,0.05398605570493508,0.47757847533632286,both,0.8204244694132334
PNWRF,0.8538091419406575,0.037993458638825334,0.4733178654292343,0.7877491601343786,0.037640414764270845,0.46496815286624205,0.8515102913659449,0.0431199705584183,0.4733178654292343,stock,0.8538091419406575
PPG,0.8025717852684144,0.03277571818026851,0.5627802690582959,0.7472564389697648,0.030992141508833716,0.5583864118895966,0.8115355805243446,0.028466784841597977,0.5627802690582959,both,0.8115355805243446
PRU,0.8204744069912608,0.034574335431575745,0.5919282511210763,0.734602463605823,0.029349134552916583,0.583864118895966,0.8047940074906368,0.03977408181466325,0.5919282511210763,stock,0.8204744069912608
PSX,0.8294631710362047,0.03955484913520668,0.5067264573991032,0.7730123180291153,0.04940758126644021,0.5116772823779193,0.7980524344569289,0.03610020639078742,0.5067264573991032,stock,0.8294631710362047
PVH,0.7959051186017478,0.050650984056648085,0.5582959641255605,0.726047032474804,0.03437427523099251,0.554140127388535,0.8004494382022471,0.04839345538839659,0.5582959641255605,both,0.8004494382022471
PWR,0.7645942571785268,0.03942488765938153,0.6278026905829597,0.7261142217245241,0.044820058915130655,0.6263269639065817,0.7758052434456928,0.04006587458166752,0.6278026905829597,both,0.7758052434456928
PXD,0.7667915106117353,0.03145869244496747,0.5852017937219731,0.7282418812989923,0.03717045484254559,0.5902335456475584,0.7667166042446942,0.04930116317546713,0.5852017937219731,stock,0.7667915106117353
QRVO,0.7801498127340825,0.03851673447844925,0.515695067264574,0.713370660694289,0.04038761393555342,0.5138004246284501,0.8049188514357054,0.04062995124646728,0.515695067264574,both,0.8049188514357054
RCL,0.8295630461922597,0.037330669366415686,0.5381165919282511,0.7410750279955207,0.04574867063843332,0.5329087048832272,0.8251935081148565,0.037535523305197556,0.5381165919282511,stock,0.8295630461922597
RE,0.8162047440699126,0.03486329699221338,0.515695067264574,0.7535946248600224,0.03457012952726423,0.5095541401273885,0.8340574282147315,0.023064242251525358,0.515695067264574,both,0.8340574282147315
REG,0.7869413233458177,0.03981528451278528,0.5739910313901345,0.7238745800671893,0.04208508963721131,0.5626326963906582,0.780274656679151,0.021938459562036265,0.5739910313901345,stock,0.7869413233458177
REGN,0.7983520599250936,0.04573927773046219,0.5269058295964125,0.7474356103023517,0.036355503614695174,0.5286624203821656,0.7870411985018727,0.02078513340201679,0.5269058295964125,stock,0.7983520599250936
RF,0.8138576779026216,0.026472804564902294,0.5874439461883408,0.7089809630459126,0.0356243431227561,0.5796178343949044,0.8138077403245942,0.03417529514256859,0.5874439461883408,stock,0.8138576779026216
RHI,0.7692883895131086,0.05294560912980462,0.6098654708520179,0.7324300111982083,0.01774534102849546,0.5987261146496815,0.7691136079900125,0.017425209632566448,0.6098654708520179,stock,0.7692883895131086
RIBT,0.878976279650437,0.012492781202991316,0.36771300448430494,0.8237849944008959,0.03049406796308035,0.3821656050955414,0.8766791510611736,0.007127441306345892,0.36771300448430494,stock,0.878976279650437
RJF,0.7825468164794007,0.03035658502673289,0.594170403587444,0.6858678611422173,0.04713450246414252,0.5859872611464968,0.7645692883895132,0.05366119818144004,0.594170403587444,stock,0.7825468164794007
RL,0.8071161048689138,0.04963076786060658,0.531390134529148,0.7345128779395296,0.030761981609946865,0.524416135881104,0.8115355805243445,0.06630055597288306,0.531390134529148,both,0.8115355805243445
RLI,0.789338327091136,0.04785661690947545,0.5269058295964125,0.738902575587906,0.03492876083488822,0.5286624203821656,0.7938077403245942,0.038756000620827666,0.5269058295964125,both,0.7938077403245942
RMD,0.8117103620474406,0.021263441834380406,0.5964125560538116,0.8111758118701008,0.036765571619576526,0.5902335456475584,0.8027465667915106,0.022568802074360357,0.5964125560538116,stock,0.8117103620474406
ROK,0.7958551810237203,0.037644985368605874,0.5717488789237668,0.7156103023516238,0.03787820065477036,0.5690021231422505,0.786916354556804,0.029766566720289437,0.5717488789237668,stock,0.7958551810237203
ROL,0.8385518102372036,0.030706778747636942,0.5739910313901345,0.77484882418813,0.03375167471433643,0.5668789808917197,0.8407740324594256,0.03450860081893761,0.5739910313901345,both,0.8407740324594256
ROP,0.8363795255930088,0.024781268375436604,0.600896860986547,0.7539081746920493,0.06676959651177133,0.5987261146496815,0.8318851435705369,0.030677650397609724,0.600896860986547,stock,0.8363795255930088
ROST,0.8005493133583022,0.03129751799895478,0.5067264573991032,0.7346248600223965,0.052874064361770494,0.5095541401273885,0.7916104868913858,0.03192944852076639,0.5067264573991032,stock,0.8005493133583022
RSG,0.8184269662921348,0.029348004885059807,0.6165919282511211,0.7578051511758119,0.04639888923790803,0.6050955414012739,0.8273907615480649,0.03645166134529769,0.6165919282511211,both,0.8273907615480649
RSNHF,0.8727060198714203,0.028448302127945073,0.48109965635738833,0.7984098544232923,0.02754671836485263,0.33970276008492567,0.8760958503798948,0.03009850594314968,0.48109965635738833,both,0.8760958503798948
RXMD,0.7803995006242197,0.04211961624760957,0.35650224215246634,0.7345800671892497,0.02796732286524717,0.3609341825902335,0.7892634207240949,0.04091682926120943,0.35650224215246634,both,0.7892634207240949
SBUX,0.8273408239700375,0.06766910355696981,0.5627802690582959,0.7515341545352743,0.02439867307295971,0.5605095541401274,0.798227215980025,0.04703382921621623,0.5627802690582959,stock,0.8273408239700375
SCHW,0.7936329588014981,0.05466625405398936,0.6300448430493274,0.768622620380739,0.02505741673923423,0.6305732484076433,0.7779026217228464,0.04830734782737449,0.6300448430493274,stock,0.7936329588014981
SEE,0.784769038701623,0.04097164492486984,0.594170403587444,0.7388353863381859,0.0424344663084692,0.5923566878980892,0.7915106117353308,0.025924289343155892,0.594170403587444,both,0.7915106117353308
SEGXF,0.8022988505747126,0.04008182936589124,0.6252873563218391,0.734602463605823,0.03562016104454774,0.613588110403397,0.7977011494252874,0.021318663208036104,0.6252873563218391,stock,0.8022988505747126
SHW,0.8162047440699126,0.024687352718542173,0.6636771300448431,0.7495184770436729,0.032943096139115814,0.6539278131634819,0.8183270911360798,0.02635247204647272,0.6636771300448431,both,0.8183270911360798
SIVB,0.7958801498127341,0.02240940120097618,0.6524663677130045,0.7345800671892497,0.05518730633634727,0.6496815286624203,0.7892134831460674,0.013438127090090832,0.6524663677130045,stock,0.7958801498127341
SLB,0.8273408239700375,0.036009633982687396,0.531390134529148,0.758006718924972,0.03353933486770744,0.524416135881104,0.825043695380774,0.033319031659121964,0.531390134529148,stock,0.8273408239700375
SLG,0.8317602996254683,0.0583435494026974,0.5044843049327354,0.6942217245240762,0.04510632737686051,0.4883227176220807,0.836354556803995,0.055211316894858364,0.5044843049327354,both,0.836354556803995
SNPS,0.8341073657927591,0.029471041501526785,0.6390134529147982,0.7410526315789474,0.04124241581697222,0.6369426751592356,0.8295880149812733,0.027007874722576725,0.6390134529147982,stock,0.8341073657927591
SO,0.820749063670412,0.03682590816584045,0.5448430493273543,0.7686674132138858,0.0393935969309629,0.5435244161358811,0.8386516853932584,0.02833243597748219,0.5448430493273543,both,0.8386516853932584
SONC,-1.0,-1.0,-1.0,-1.0,-1.0,-1.0,-1.0,-1.0,-1.0,stock,-1.0
SPG,0.7892883895131086,0.031707255541997416,0.5695067264573991,0.728107502799552,0.049349171144342785,0.5605095541401274,0.7937578027465668,0.031989296855150125,0.5695067264573991,both,0.7937578027465668
SRE,0.8251685393258427,0.041518944466987874,0.515695067264574,0.741030235162374,0.027654142577014103,0.5138004246284501,0.8184769038701623,0.04582027907594979,0.515695067264574,stock,0.8251685393258427
SRG,0.8273158551810237,0.02545131752876813,0.452914798206278,0.7580963045912654,0.03466495044659525,0.44798301486199577,0.811685393258427,0.03029626884737567,0.452914798206278,stock,0.8273158551810237
STT,0.7890886392009987,0.048845333508632176,0.5650224215246636,0.7260694288913773,0.04984369681036669,0.564755838641189,0.7912858926342073,0.05925722291198385,0.5650224215246636,both,0.7912858926342073
STX,0.807191011235955,0.007964065234458138,0.6098654708520179,0.7409630459126539,0.025819814504962842,0.6093418259023354,0.818401997503121,0.021628160480805354,0.6098654708520179,both,0.818401997503121
STZ-B,0.8708860759493671,0.018603719565441854,0.5443037974683544,0.7325643896976484,0.06065780732749417,0.5031847133757962,0.8911392405063291,0.006201239855147319,0.5443037974683544,both,0.8911392405063291
SWK,0.8094132334581774,0.02563597988098836,0.5739910313901345,0.7218812989921612,0.021493513216275704,0.5711252653927813,0.8116604244694132,0.03718167086427921,0.5739910313901345,both,0.8116604244694132
SWKS,0.8184519350811487,0.03815378025938505,0.547085201793722,0.7347368421052632,0.05907261954835927,0.5456475583864119,0.8185018726591761,0.045113039735047544,0.547085201793722,both,0.8185018726591761
SYF,0.8430711610486892,0.01990311648776992,0.6031390134529148,0.7323628219484882,0.04686286272572573,0.5923566878980892,0.8341073657927589,0.02155348908892342,0.6031390134529148,stock,0.8430711610486892
SYK,0.7937328339575531,0.008677651080247992,0.5582959641255605,0.7112206047032474,0.05497370961900105,0.5583864118895966,0.7868913857677903,0.028137288346056874,0.5582959641255605,stock,0.7937328339575531
T,0.8227215980024969,0.0471639209113312,0.45067264573991034,0.741097424412094,0.04140551710484942,0.4437367303609342,0.7958801498127341,0.03619613311865039,0.45067264573991034,stock,0.8227215980024969
TAP,0.852059925093633,0.01756710022405778,0.4910313901345291,0.7770212765957446,0.03040097208424126,0.49044585987261147,0.8430461922596754,0.04767524646746891,0.4910313901345291,stock,0.852059925093633
TCYSF,0.8881355932203391,0.022990949095339885,0.5525423728813559,0.7769540873460247,0.03972144493882775,0.39490445859872614,0.8779661016949154,0.01660671012056393,0.5525423728813559,stock,0.8881355932203391
TEL,0.7690387016229712,0.03314365744028989,0.6031390134529148,0.7282642777155655,0.021524529378887425,0.5966029723991507,0.7914606741573035,0.030759440237786376,0.6031390134529148,both,0.7914606741573035
TJX,0.7937827715355804,0.037612843212847906,0.5672645739910314,0.7345800671892497,0.048180173705474755,0.5626326963906582,0.8161298377028714,0.03670823012816771,0.5672645739910314,both,0.8161298377028714
TMO,0.8048439450686642,0.06633537645163709,0.6390134529147982,0.7559238521836507,0.051194632181007775,0.6326963906581741,0.7959051186017477,0.05114705133550335,0.6390134529147982,stock,0.8048439450686642
TMUS,0.7868664169787765,0.03161076300633009,0.5067264573991032,0.7665397536394176,0.057065410189901834,0.5116772823779193,0.7824219725343321,0.026794477381860846,0.5067264573991032,stock,0.7868664169787765
TRAUF,0.8114942528735632,0.025804533701889256,0.5126436781609195,0.6858678611422173,0.03369268257328414,0.505307855626327,0.8137931034482758,0.05004951967144194,0.5126436781609195,both,0.8137931034482758
TROW,0.7980774032459426,0.041271648453896095,0.5829596412556054,0.7537066069428892,0.031177195526051905,0.5774946921443737,0.7845692883895132,0.049421402207368244,0.5829596412556054,stock,0.7980774032459426
TRV,0.8204744069912608,0.046961241026308595,0.547085201793722,0.7643225083986562,0.027303574231637047,0.5498938428874734,0.7981523096129838,0.02598222959172211,0.547085201793722,stock,0.8204744069912608
TSCO,0.8542322097378277,0.012593183930287641,0.6524663677130045,0.7898768197088466,0.027453165304835145,0.6539278131634819,0.8453183520599252,0.016222028335361575,0.6524663677130045,stock,0.8542322097378277
TSN,0.7960549313358302,0.03217096447838035,0.5538116591928252,0.7049048152295633,0.07279922048268153,0.5477707006369427,0.8071660424469413,0.052917435568380966,0.5538116591928252,both,0.8071660424469413
TTWO,0.8182521847690387,0.04496714611781515,0.5336322869955157,0.7707502799552072,0.02692915549849884,0.5392781316348195,0.8070162297128588,0.05602844926644061,0.5336322869955157,stock,0.8182521847690387
TW,0.8026716604244694,0.02327509031077443,0.625560538116592,0.7432922732362822,0.058806379792782165,0.6242038216560509,0.795880149812734,0.02455969484757305,0.625560538116592,stock,0.8026716604244694
TWTR,0.8138826466916355,0.033871742941968506,0.5493273542600897,0.7812318029115342,0.02952546022920844,0.5435244161358811,0.8229463171036204,0.04858418214760919,0.5493273542600897,both,0.8229463171036204
TXN,0.7735830212234707,0.036223646535664525,0.5627802690582959,0.6942217245240763,0.02012173138900472,0.5626326963906582,0.802796504369538,0.03298731411488657,0.5627802690582959,both,0.802796504369538
TXT,0.7736079900124844,0.03938074363676237,0.6031390134529148,0.7623516237402015,0.03783558902696955,0.5944798301486199,0.7555805243445693,0.047462272511201,0.6031390134529148,stock,0.7736079900124844
TYL,0.831785268414482,0.04339885833556293,0.5852017937219731,0.7622620380739081,0.02769514104849807,0.583864118895966,0.8160299625468165,0.0508450382614419,0.5852017937219731,stock,0.831785268414482
UA,0.818401997503121,0.07008324103411302,0.547085201793722,0.7643896976483763,0.04597461200604593,0.5392781316348195,0.8273657927590511,0.04687210345175228,0.547085201793722,both,0.8273657927590511
UAL,0.813932584269663,0.05380884681871657,0.4977578475336323,0.7919820828667412,0.023371022875986282,0.4883227176220807,0.8385767790262173,0.04633308492641831,0.4977578475336323,both,0.8385767790262173
UDR,0.7310611735330836,0.04347627606100981,0.5403587443946188,0.6879955207166853,0.031561819789560665,0.5329087048832272,0.7378027465667915,0.03946177881010784,0.5403587443946188,both,0.7378027465667915
UEEC,0.8140324594257178,0.029560515463430696,0.3452914798206278,0.730414333706607,0.03217513199257903,0.3481953290870488,0.8251935081148565,0.019973533027461448,0.3452914798206278,both,0.8251935081148565
UHS,0.8116604244694132,0.03579775550841136,0.531390134529148,0.7175811870100783,0.02858418068372901,0.5329087048832272,0.7937827715355805,0.03179208359444068,0.531390134529148,stock,0.8116604244694132
ULTA,0.8093882646691635,0.02946342495499885,0.5560538116591929,0.6920492721164614,0.0542783982660951,0.5520169851380042,0.7915605493133582,0.03240383215787422,0.5560538116591929,stock,0.8093882646691635
UNM,0.8115355805243446,0.05175721005213004,0.5493273542600897,0.7176259798432251,0.010677854201039998,0.5414012738853503,0.8182521847690387,0.06196770536927781,0.5493273542600897,both,0.8182521847690387
UNP,0.7914606741573034,0.01976506375487284,0.5852017937219731,0.7621500559910415,0.022439488258580186,0.5859872611464968,0.7981523096129839,0.016464715584503284,0.5852017937219731,both,0.7981523096129839
UPS,0.7960049937578028,0.03258020361025128,0.5672645739910314,0.7388801791713326,0.018112374092073967,0.5668789808917197,0.7959051186017477,0.04007552085900666,0.5672645739910314,stock,0.7960049937578028
URI,0.7759051186017478,0.04121741328144613,0.5560538116591929,0.7132586786114222,0.03756951984260128,0.5562632696390658,0.7848439450686642,0.03052791607157658,0.5560538116591929,both,0.7848439450686642
USB,0.811585518102372,0.023402349654304305,0.5627802690582959,0.7028667413213885,0.04376540604267641,0.554140127388535,0.8026966292134832,0.0322031175149175,0.5627802690582959,stock,0.811585518102372
V,0.8362546816479399,0.018739171804486993,0.5874439461883408,0.758006718924972,0.021115082136812985,0.5859872611464968,0.836354556803995,0.013033229527099555,0.5874439461883408,both,0.836354556803995
VFC,0.8048439450686642,0.034182846674222694,0.5089686098654709,0.7516909294512877,0.06567508484939519,0.5031847133757962,0.807191011235955,0.019142057922738747,0.5089686098654709,both,0.807191011235955
VMC,0.8520099875156054,0.011094012570064347,0.5874439461883408,0.7048152295632699,0.029454481026246076,0.5881104033970276,0.8296129837702871,0.017794602707671484,0.5874439461883408,stock,0.8520099875156054
VRSK,0.8161048689138577,0.018591271379761597,0.6165919282511211,0.749652855543113,0.0578065612390838,0.613588110403397,0.8295131086142323,0.028276930326276123,0.6165919282511211,both,0.8295131086142323
VRSN,0.81625468164794,0.026156805706339947,0.57847533632287,0.707077267637178,0.03399805543501437,0.5774946921443737,0.8117852684144818,0.03190124114973291,0.57847533632287,stock,0.81625468164794
VTR,0.8050187265917603,0.05307453093527661,0.5448430493273543,0.7218141097424411,0.03745002316929284,0.5371549893842887,0.8184269662921348,0.037640281737006905,0.5448430493273543,both,0.8184269662921348
VZ,0.8094881398252184,0.029602497548622073,0.437219730941704,0.7367973124300111,0.04685277888704894,0.4394904458598726,0.7712858926342072,0.040641641963603314,0.437219730941704,stock,0.8094881398252184
WAT,0.8249687890137329,0.0693458389000179,0.6076233183856502,0.7304591265397536,0.039339992643285616,0.6050955414012739,0.8137578027465668,0.06287736012681694,0.6076233183856502,stock,0.8249687890137329
WBA,0.8521098626716604,0.02212826438504344,0.49327354260089684,0.7241209406494961,0.05904948489498972,0.47983014861995754,0.8475405742821474,0.011342098175270316,0.49327354260089684,stock,0.8521098626716604
WDC,0.8095880149812732,0.04213814385648266,0.5246636771300448,0.7197760358342664,0.034414963645605534,0.5222929936305732,0.8161548064918851,0.016667036051025024,0.5246636771300448,both,0.8161548064918851
WEC,0.809538077403246,0.04649116101623056,0.5067264573991032,0.7536842105263158,0.03905825892019789,0.505307855626327,0.8185018726591761,0.05563864229779257,0.5067264573991032,both,0.8185018726591761
WHR,0.8184519350811487,0.04650475663648391,0.5582959641255605,0.7303247480403136,0.03558933651440396,0.5520169851380042,0.8207490636704119,0.045421679339012415,0.5582959641255605,both,0.8207490636704119
WM,0.8162047440699126,0.04024225232818917,0.5829596412556054,0.7262038073908175,0.04519139590446031,0.564755838641189,0.7982022471910112,0.049751814287225735,0.5829596412556054,stock,0.8162047440699126
WMB,0.8003495630461922,0.023569584610148565,0.547085201793722,0.7578723404255319,0.0270606180350377,0.5456475583864119,0.8092384519350813,0.04309847331038283,0.547085201793722,both,0.8092384519350813
WRB,0.7937827715355805,0.05075623593194835,0.5695067264573991,0.7260918253079506,0.03902282366988987,0.5690021231422505,0.7848189762796505,0.049611268471535803,0.5695067264573991,stock,0.7937827715355805
WRK,0.8116354556803994,0.01674853063709614,0.5403587443946188,0.7304143337066069,0.04029566605935712,0.5456475583864119,0.8138576779026219,0.018636487347752417,0.5403587443946188,both,0.8138576779026219
WSPOF,0.8186670071501532,0.030810152969351176,0.6031746031746031,0.7304815229563271,0.03351669946990418,0.5987261146496815,0.8344994892747701,0.013176413992901034,0.6031746031746031,both,0.8344994892747701
WST,0.8273158551810237,0.022277197775321503,0.6322869955156951,0.785599104143337,0.04037208640532455,0.6305732484076433,0.8318102372034956,0.03703793103981648,0.6322869955156951,both,0.8318102372034956
WU,0.7802496878901374,0.03313711082734301,0.4641255605381166,0.7323852183650617,0.04000224459467452,0.4564755838641189,0.7689637952559301,0.04454557921890679,0.4641255605381166,stock,0.7802496878901374
WY,0.7554556803995007,0.03855995980954284,0.600896860986547,0.7070548712206047,0.03356176070759989,0.5923566878980892,0.7442446941323345,0.042346182828277866,0.600896860986547,stock,0.7554556803995007
WYNN,0.8228714107365793,0.023969309185774005,0.5067264573991032,0.7411198208286675,0.03775556260136109,0.5010615711252654,0.822996254681648,0.03194526031085778,0.5067264573991032,both,0.822996254681648
XEL,0.8251935081148563,0.048144487214751494,0.5269058295964125,0.7410302351623741,0.0307543332274145,0.5265392781316348,0.8206242197253433,0.04381310341173384,0.5269058295964125,stock,0.8251935081148563
XLEFF,0.9140271493212669,0.04043807801734591,0.484375,0.8430459126539753,0.041885227163364215,0.2929936305732484,0.9024132730015081,0.05096521769397979,0.484375,stock,0.9140271493212669
XLNX,0.8183520599250936,0.028077400470398976,0.5852017937219731,0.7176035834266518,0.048421984943367365,0.5923566878980892,0.7936828963795255,0.03247071732919332,0.5852017937219731,stock,0.8183520599250936
XOM,0.8116354556803994,0.04635692215477885,0.515695067264574,0.7409406494960807,0.02688135438836469,0.5201698513800425,0.7981772784019975,0.05421422738911736,0.515695067264574,stock,0.8116354556803994
XYL,0.8294881398252185,0.044898465116029254,0.647982062780269,0.7771556550951848,0.053815517935526476,0.6369426751592356,0.8204993757802747,0.04358455000750033,0.647982062780269,stock,0.8294881398252185
YUM,0.8296129837702871,0.05956981658315611,0.5605381165919282,0.7262709966405374,0.046589047073490174,0.5562632696390658,0.8318352059925094,0.03957297061235142,0.5605381165919282,both,0.8318352059925094
ZBH,0.8318601747815231,0.03164860737968805,0.5044843049327354,0.7451735722284434,0.029699421795209797,0.5031847133757962,0.8407740324594257,0.02713587037101651,0.5044843049327354,both,0.8407740324594257
ZION,0.8295880149812735,0.0149812734082397,0.5695067264573991,0.7283090705487123,0.03957640094878609,0.5626326963906582,0.8071410736579276,0.01829215596255574,0.5695067264573991,stock,0.8295880149812735
ZTS,0.8273158551810237,0.02827128555937226,0.6322869955156951,0.7430683090705487,0.01608315351644237,0.6305732484076433,0.8094631710362048,0.025220256794335098,0.6322869955156951,stock,0.8273158551810237
